{"name":"QnaSlotType","identifier":"KZYUCADKQI","description":null,"slotTypeValues":[{"sampleValue":{"value":"¿cómo puedo restablecer mi contraseña?"},"synonyms":null},{"sampleValue":{"value":"He olvidado mi contraseña"},"synonyms":null},{"sampleValue":{"value":"No recuerdo mi contraseña"},"synonyms":null},{"sampleValue":{"value":"Mi inicio de sesión no funciona"},"synonyms":null},{"sampleValue":{"value":"ayuda a que mi gas esté goteando"},"synonyms":null},{"sampleValue":{"value":"fuga de emergencia"},"synonyms":null},{"sampleValue":{"value":"Huelo gas en mi casa"},"synonyms":null},{"sampleValue":{"value":"¿Qué debo hacer si mi piloto está apagado?"},"synonyms":null},{"sampleValue":{"value":"luz piloto"},"synonyms":null},{"sampleValue":{"value":"ayuda con luz piloto en el horno"},"synonyms":null},{"sampleValue":{"value":"qué es un bot de chat"},"synonyms":null},{"sampleValue":{"value":"salida"},"synonyms":null},{"sampleValue":{"value":"renunciar"},"synonyms":null},{"sampleValue":{"value":"iniciar el cuestionario"},"synonyms":null},{"sampleValue":{"value":"cuánto cuesta"},"synonyms":null},{"sampleValue":{"value":"qué es un almacén de datos"},"synonyms":null},{"sampleValue":{"value":"qué es la enfermedad de las arterias coronarias"},"synonyms":null},{"sampleValue":{"value":"qué es un vehículo eléctrico"},"synonyms":null},{"sampleValue":{"value":"háblame de amazon alexa"},"synonyms":null},{"sampleValue":{"value":"cuéntame sobre el índice de masa corporal"},"synonyms":null},{"sampleValue":{"value":"cuéntame sobre una alimentación saludable"},"synonyms":null},{"sampleValue":{"value":"cómo sé si soy un experto en linux"},"synonyms":null},{"sampleValue":{"value":"debo dejar de fumar"},"synonyms":null},{"sampleValue":{"value":"qué tan malo es el consumo excesivo de alcohol"},"synonyms":null},{"sampleValue":{"value":"duermo lo suficiente"},"synonyms":null},{"sampleValue":{"value":"cuéntame sobre cloud computing"},"synonyms":null},{"sampleValue":{"value":"hago suficiente ejercicio"},"synonyms":null},{"sampleValue":{"value":"lo que es un buen programa de formación para windows"},"synonyms":null},{"sampleValue":{"value":"está programando mal para ti"},"synonyms":null},{"sampleValue":{"value":"¿El tocino es bueno para ti?"},"synonyms":null},{"sampleValue":{"value":"qué es un desbordamiento de pila"},"synonyms":null},{"sampleValue":{"value":"debo usar un almacén de documentos"},"synonyms":null},{"sampleValue":{"value":"dame consejos sobre entrenamiento regular"},"synonyms":null},{"sampleValue":{"value":"cuáles son los beneficios de un entrenamiento cardiovascular"},"synonyms":null},{"sampleValue":{"value":"debería aprender programación javascript"},"synonyms":null},{"sampleValue":{"value":"está trabajando en apoyo bueno para mi carrera"},"synonyms":null},{"sampleValue":{"value":"donde puedo aprender python"},"synonyms":null},{"sampleValue":{"value":"qué tan rápido me recuperaré de la cirugía de triple bypass"},"synonyms":null},{"sampleValue":{"value":"¿qué tan rápido encontraré empleo después de graduarme?"},"synonyms":null},{"sampleValue":{"value":"qué tan serio es un volcado de memoria"},"synonyms":null},{"sampleValue":{"value":"qué es una unidad de procesamiento gráfico"},"synonyms":null},{"sampleValue":{"value":"qué debo hacer cuando veo errores en el archivo de registro"},"synonyms":null},{"sampleValue":{"value":"cuéntame acerca de la informática sin servidor"},"synonyms":null},{"sampleValue":{"value":"son graves los virus informáticos"},"synonyms":null},{"sampleValue":{"value":"qué es un slam dunk"},"synonyms":null},{"sampleValue":{"value":"lo que es un primer down"},"synonyms":null},{"sampleValue":{"value":"qué es la presión arterial normal"},"synonyms":null},{"sampleValue":{"value":"cuántas personas viven en Irlanda"},"synonyms":null},{"sampleValue":{"value":"cómo puedo medir mi volumen"},"synonyms":null},{"sampleValue":{"value":"qué coche es el más rápido de cero a sesenta"},"synonyms":null},{"sampleValue":{"value":"cuéntame los beneficios de las verduras verdes"},"synonyms":null},{"sampleValue":{"value":"cuándo debo llamar a los servicios de emergencia"},"synonyms":null},{"sampleValue":{"value":"¿dónde está la tienda de reparación de computadoras más cercana"},"synonyms":null},{"sampleValue":{"value":"cuándo debo contratar a un consultor"},"synonyms":null},{"sampleValue":{"value":"háblame de inteligencia artificial"},"synonyms":null},{"sampleValue":{"value":"si mis antecedentes familiares afectan mi riesgo"},"synonyms":null},{"sampleValue":{"value":"es importante realizar copias de seguridad periódicas"},"synonyms":null},{"sampleValue":{"value":"tengo una apariencia inusual"},"synonyms":null},{"sampleValue":{"value":"¿hay un gen asociado a la habilidad musical?"},"synonyms":null},{"sampleValue":{"value":"qué es la ciencia de datos"},"synonyms":null},{"sampleValue":{"value":"¿cómo puedo donar dinero"},"synonyms":null},{"sampleValue":{"value":"¿cómo hago voluntariado?"},"synonyms":null},{"sampleValue":{"value":"cuéntame sobre la frase la vida es buena"},"synonyms":null},{"sampleValue":{"value":"los robots gobernarán el mundo"},"synonyms":null},{"sampleValue":{"value":"hola"},"synonyms":null},{"sampleValue":{"value":"retroalimentación"},"synonyms":null},{"sampleValue":{"value":"Uno"},"synonyms":null},{"sampleValue":{"value":"Dos"},"synonyms":null},{"sampleValue":{"value":"Tres"},"synonyms":null},{"sampleValue":{"value":"próximo"},"synonyms":null},{"sampleValue":{"value":"anterior"},"synonyms":null},{"sampleValue":{"value":"ayudar"},"synonyms":null},{"sampleValue":{"value":"ayúdame"},"synonyms":null},{"sampleValue":{"value":"sí"},"synonyms":null},{"sampleValue":{"value":"no"},"synonyms":null},{"sampleValue":{"value":"pulgar arriba"},"synonyms":null},{"sampleValue":{"value":"pulgar hacia abajo"},"synonyms":null},{"sampleValue":{"value":"a"},"synonyms":null},{"sampleValue":{"value":"b"},"synonyms":null},{"sampleValue":{"value":"c"},"synonyms":null},{"sampleValue":{"value":"d"},"synonyms":null},{"sampleValue":{"value":"e"},"synonyms":null},{"sampleValue":{"value":"f"},"synonyms":null},{"sampleValue":{"value":"g"},"synonyms":null},{"sampleValue":{"value":"A"},"synonyms":null},{"sampleValue":{"value":"B"},"synonyms":null},{"sampleValue":{"value":"C"},"synonyms":null},{"sampleValue":{"value":"D"},"synonyms":null},{"sampleValue":{"value":"E"},"synonyms":null},{"sampleValue":{"value":"F"},"synonyms":null},{"sampleValue":{"value":"G"},"synonyms":null},{"sampleValue":{"value":"1234567890"},"synonyms":null}],"parentSlotTypeSignature":null,"valueSelectionSetting":{"regexFilter":null,"resolutionStrategy":"ORIGINAL_VALUE"}}