{"name":"QnaSlotType","identifier":"SGIBAPVZIG","description":null,"slotTypeValues":[{"sampleValue":{"value":"Comment réinitialiser mon mot de passe ?"},"synonyms":null},{"sampleValue":{"value":"J'ai oublié mon mot de passe"},"synonyms":null},{"sampleValue":{"value":"Mon identifiant ne fonctionne pas"},"synonyms":null},{"sampleValue":{"value":"aide mon gaz fuit"},"synonyms":null},{"sampleValue":{"value":"fuite d'urgence"},"synonyms":null},{"sampleValue":{"value":"Je sens l'odeur du gaz dans ma maison"},"synonyms":null},{"sampleValue":{"value":"que dois-je faire si ma veilleuse est éteite ?"},"synonyms":null},{"sampleValue":{"value":"veilleuse"},"synonyms":null},{"sampleValue":{"value":"aide à la veilleuse sur le four"},"synonyms":null},{"sampleValue":{"value":"Qu'est-ce qu'un chat bot"},"synonyms":null},{"sampleValue":{"value":"sortir"},"synonyms":null},{"sampleValue":{"value":"quitter"},"synonyms":null},{"sampleValue":{"value":"Lancez le quiz"},"synonyms":null},{"sampleValue":{"value":"combien cela coûte-t-il"},"synonyms":null},{"sampleValue":{"value":"Qu'est-ce qu'un entrepôt de données"},"synonyms":null},{"sampleValue":{"value":"qu'est-ce que la maladie coronarienne"},"synonyms":null},{"sampleValue":{"value":"Qu'est-ce qu'un véhicule électrique ?"},"synonyms":null},{"sampleValue":{"value":"Parlez-moi d'Amazon Alexa"},"synonyms":null},{"sampleValue":{"value":"Parlez-moi de l'indice de masse corporelle"},"synonyms":null},{"sampleValue":{"value":"parlez-moi de la saine alimentation"},"synonyms":null},{"sampleValue":{"value":"comment savoir si je suis un expert Linux"},"synonyms":null},{"sampleValue":{"value":"devrais-je arrêter de fumer"},"synonyms":null},{"sampleValue":{"value":"quelle est la gravité de la consommation excessive d'alcool"},"synonyms":null},{"sampleValue":{"value":"est-ce que je dors suffisamment ?"},"synonyms":null},{"sampleValue":{"value":"Parlez-moi de l'informatique en nuage"},"synonyms":null},{"sampleValue":{"value":"est-ce que je fais assez d'exercice ?"},"synonyms":null},{"sampleValue":{"value":"Qu'est-ce qu'un bon programme de formation pour Windows"},"synonyms":null},{"sampleValue":{"value":"la programmation est mauvaise pour vous"},"synonyms":null},{"sampleValue":{"value":"Le bacon est-il bon pour vous ?"},"synonyms":null},{"sampleValue":{"value":"Qu'est-ce qu'un dépassement de pile ?"},"synonyms":null},{"sampleValue":{"value":"dois-je utiliser un magasin de documents ?"},"synonyms":null},{"sampleValue":{"value":"donnez-moi des conseils sur les formations régulières"},"synonyms":null},{"sampleValue":{"value":"Quels sont les avantages d'un entraînement cardio"},"synonyms":null},{"sampleValue":{"value":"devrais-je apprendre la programmation javascript"},"synonyms":null},{"sampleValue":{"value":"travaille en soutien, bon pour ma carrière"},"synonyms":null},{"sampleValue":{"value":"où puis-je apprendre le python"},"synonyms":null},{"sampleValue":{"value":"à quelle vitesse vais-je me remettre d'un triple pontage"},"synonyms":null},{"sampleValue":{"value":"dans combien de temps vais-je trouver un emploi après avoir obtenu mon diplôme ?"},"synonyms":null},{"sampleValue":{"value":"quelle est la gravité d'un vidage de base"},"synonyms":null},{"sampleValue":{"value":"Qu'est-ce qu'une unité de traitement graphique ?"},"synonyms":null},{"sampleValue":{"value":"que dois-je faire lorsque je vois des erreurs dans le fichier journal"},"synonyms":null},{"sampleValue":{"value":"Parlez-moi de l'informatique sans serveur"},"synonyms":null},{"sampleValue":{"value":"les virus informatiques sont-ils sérieux"},"synonyms":null},{"sampleValue":{"value":"Qu'est-ce qu'un slam dunk"},"synonyms":null},{"sampleValue":{"value":"qu'est-ce qu'un premier vers le bas"},"synonyms":null},{"sampleValue":{"value":"quelle est la pression artérielle normale"},"synonyms":null},{"sampleValue":{"value":"combien de personnes vivent en Irlande"},"synonyms":null},{"sampleValue":{"value":"comment mesurer mon volume"},"synonyms":null},{"sampleValue":{"value":"quelle voiture est la plus rapide de zéro à soixante"},"synonyms":null},{"sampleValue":{"value":"dites-moi les bienfaits des légumes verts"},"synonyms":null},{"sampleValue":{"value":"Quand dois-je appeler les services d'urgence"},"synonyms":null},{"sampleValue":{"value":"où se trouve le magasin de réparation informatique le plus proche"},"synonyms":null},{"sampleValue":{"value":"Quand devrais-je embaucher un consultant ?"},"synonyms":null},{"sampleValue":{"value":"Parlez-moi de l'intelligence artificielle"},"synonyms":null},{"sampleValue":{"value":"mes antécédents familiaux affectent-ils mon risque"},"synonyms":null},{"sampleValue":{"value":"Il est important d'exécuter des sauvegardes régulières"},"synonyms":null},{"sampleValue":{"value":"Ai-je une apparence inhabituelle ?"},"synonyms":null},{"sampleValue":{"value":"existe-t-il un gène associé à la capacité musicale"},"synonyms":null},{"sampleValue":{"value":"Qu'est-ce que la science des données ?"},"synonyms":null},{"sampleValue":{"value":"comment puis-je faire un don d'argent ?"},"synonyms":null},{"sampleValue":{"value":"comment puis-je faire du bénévolat ?"},"synonyms":null},{"sampleValue":{"value":"parlez-moi de l'expression life is good"},"synonyms":null},{"sampleValue":{"value":"les robots vont-ils dominer le monde"},"synonyms":null},{"sampleValue":{"value":"bonjour"},"synonyms":null},{"sampleValue":{"value":"commentaires"},"synonyms":null},{"sampleValue":{"value":"Un"},"synonyms":null},{"sampleValue":{"value":"Deux"},"synonyms":null},{"sampleValue":{"value":"Trois"},"synonyms":null},{"sampleValue":{"value":"suivant"},"synonyms":null},{"sampleValue":{"value":"précédent"},"synonyms":null},{"sampleValue":{"value":"Aidez-moi"},"synonyms":null},{"sampleValue":{"value":"oui"},"synonyms":null},{"sampleValue":{"value":"non"},"synonyms":null},{"sampleValue":{"value":"pouces vers le haut"},"synonyms":null},{"sampleValue":{"value":"pouces vers le bas"},"synonyms":null},{"sampleValue":{"value":"a"},"synonyms":null},{"sampleValue":{"value":"b"},"synonyms":null},{"sampleValue":{"value":"c"},"synonyms":null},{"sampleValue":{"value":"d"},"synonyms":null},{"sampleValue":{"value":"e"},"synonyms":null},{"sampleValue":{"value":"f"},"synonyms":null},{"sampleValue":{"value":"g"},"synonyms":null},{"sampleValue":{"value":"A"},"synonyms":null},{"sampleValue":{"value":"B"},"synonyms":null},{"sampleValue":{"value":"C"},"synonyms":null},{"sampleValue":{"value":"D"},"synonyms":null},{"sampleValue":{"value":"E"},"synonyms":null},{"sampleValue":{"value":"F"},"synonyms":null},{"sampleValue":{"value":"G"},"synonyms":null},{"sampleValue":{"value":"1234567890"},"synonyms":null}],"parentSlotTypeSignature":null,"valueSelectionSetting":{"regexFilter":null,"resolutionStrategy":"ORIGINAL_VALUE"}}